Ciudad,Entidad Federativa
,
Ciudad de México, Distrito Federal
Ecatepec,México
Guadalajara,Jalisco
Puebla,Puebla
Juárez,Chihuahua
Tijuana,Baja California
León,Guanajuato
Zapopan,Jalisco
Monterrey,Nuevo León
Nezahualcóyotl,México
Chihuahua,Chihuahua
Naucalpan,México
Mérida,Yucatán
San Luis Potosí,San Luis Potosí
Aguascalientes,Aguascalientes
Hermosillo,Sonora
Saltillo,Coahuila
Mexicali,Baja California
Culiacán,Sinaloa
Guadalupe,Nuevo León
Acapulco,Guerrero
Tlalnepantla,México
Cancún,Quintana Roo
Querétaro,Querétaro
Chimalhuacán,México
Torreón,Coahuila
Morelia,Michoacán
Reynosa,Tamaulipas
Tlaquepaque,Jalisco
Tuxtla,Chiapas
Durango,Durango
Toluca,México
Ciudad López Mateos,México
Cuautitlán Izcalli,México
Apodaca,Nuevo León
Matamoros,Tamaulipas
San Nicolás de los Garza,Nuevo León
Veracruz,Veracruz
Xalapa,Veracruz
Tonalá,Jalisco
Mazatlán,Sinaloa
Irapuato,Guanajuato
Nuevo Laredo,Tamaulipas
Xico,México
Villahermosa,Tabasco
General Escobedo,Nuevo León
Celaya,Guanajuato
Cuernavaca,Morelos
Tepic,Nayarit
Ixtapaluca,México
Ciudad Victoria,Tamaulipas
Ciudad Obregón,Sonora
Tampico,Tamaulipas
Villa Nicolás Romero,México
Ensenada,Baja California
San Francisco Coacalco,México
Santa Catarina,Nuevo León
Uruapan,Michoacán
Gómez Palacio,Durango
Los Mochis,Sinaloa
Pachuca,Hidalgo
Oaxaca,Oaxaca
Soledad de Graciano Sánchez,San Luis Potosí
Tehuacán,Puebla
Ojo de Agua,México
Coatzacoalcos,Veracruz
Campeche,Campeche
Monclova,Coahuila
La Paz,Baja California Sur
Nogales,Sonora
Buenavista,México
Puerto Vallarta,Jalisco
Tapachula,Chiapas
Ciudad Madero,Tamaulipas
San Pablo de las Salinas,México
Chilpancingo,Guerrero
Poza Rica de Hidalgo,Veracruz
Chicoloapan,México
Ciudad del Carmen,Campeche
Chalco,México
Jiutepec,Morelos
Salamanca,Guanajuato
San Luis Río Colorado,Sonora
San Cristóbal de las Casas,Chiapas
Minatitlán,Veracruz
Cuautla,Morelos
Juárez,Nuevo León
Chetumal,Quintana Roo
Piedras Negras,Coahuila
Playa del Carmen,Quintana Roo
Zamora,Michoacán
Córdoba,Veracruz
San Juan del Río,Querétaro
Colima,Colima
Ciudad Acuña,Coahuila
Manzanillo,Colima
Zacatecas,Zacatecas
Veracruz,Veracruz
Ciudad Valles,San Luis Potosí
Guadalupe,Zacatecas
San Pedro Garza García,Nuevo León
Naucalpan de Juárez,México
Fresnillo,Zacatecas
Orizaba,Veracruz
Miramar,Tamaulipas
Iguala,Guerrero
Delicias,Chihuahua
Villa de Álvarez,Colima
Cuauhtémoc,Chihuahua
Navojoa,Sonora
Guaymas,Sonora
Cuautitlán,México
Texcoco de Mora,México
Hidalgo del Parral,Chihuahua
Tepexpan,México
Tulancingo de Bravo,Hidalgo
San Juan Bautista Tuxtepec,Oaxaca
,
,
,
,
